Search Term,Tweet Text,URL
propublica,RT @NickBudnick: Health nonprofit behind Portland fluoridation push lays off 8; cash crisis discovered after longtime director left https:/‚Ä¶,
propublica,"RT @StarTribune: Photos by @fromjefferson of Street Soccer Twin Cities Championship Cup in Minneapolis, put on by growing nonprofit. https:‚Ä¶",
propublica,How we work ---&gt; https://t.co/Kdgd9tiXyz #SojournExplorers #Travel #Funraise #Nonprofit #Climb https://t.co/9uehEobCU8,http://bit.ly/2m4iYp3
propublica,Want hands on experience with translating aspirational mission into specific achievable impact goals? https://t.co/m7Cd3cIHYg #ldnont,http://ow.ly/AltE309tvbx
propublica,"RT @Refinery29: Tweet about a women's nonprofit you care about, and tag @Tinder &amp; #FundHerCause for a $100 donation to that cause! #ad #R29‚Ä¶",
propublica,"RT @s_webber: Years ago Eric tried to hire me as ED of his nonprofit. After seeing how shameless he is, I'm so thankful I said no. https://‚Ä¶",
propublica,RT @hunt2103: @NatbyNature my fellow Florida girl! üòçCan you help our local nonprofit @cfchive win ? Just need you to use the hashtag #fastF‚Ä¶,
propublica,Join the Penn-Mar Human Services team! See our latest #job opening here: https://t.co/6PQzXvBOtS #MakeADifference‚Ä¶ https://t.co/ze2Y47aSiR,http://bit.ly/2g3UblK
propublica,RT @kylegriffin1: AARP‚Äîthe nation's largest nonprofit w/ 38MIL members‚Äîhas officially come out against the Republican health plan. https://‚Ä¶,
propublica,Can Nonprofits Really Raise Money With 5Ks? https://t.co/L9d0hc4Z4N,https://shar.es/1UhO9V
propublica,"RT @J_Hancock: Nonprofit linked to @EricGreitens raises new questions about ‚Äòdark money,‚Äô ethics

https://t.co/WC4kAWdIUt #moleg",http://www.kansascity.com/news/politics-government/article137209643.html
propublica,"RT @J_Hancock: Nonprofit linked to @EricGreitens raises new questions about ‚Äòdark money,‚Äô ethics

https://t.co/WC4kAWdIUt #moleg",http://www.kansascity.com/news/politics-government/article137209643.html
propublica,"RT @StarTribune: Photos by @fromjefferson of Street Soccer Twin Cities Championship Cup in Minneapolis, put on by growing nonprofit. https:‚Ä¶",
propublica,"Effort to fight #toxic #stress in St. Louis grows into full nonprofit #traumainformed
https://t.co/TLBwj0clvT",http://www.stltoday.com/lifestyles/health-med-fit/effort-to-fight-toxic-stress-in-st-lois-grows-into/article_840b6614-1fe2-5726-979f-2c646a4e1875.html
propublica,Awesome #events coming up! we hope to see you there as a #volunteer or #guest or both! #nonprofit #fundraising https://t.co/8ymO8FTuNZ,http://www.phinneysfriends.org/events
propublica,"RT @Refinery29: Tweet about a women's nonprofit you care about, and tag @Tinder &amp; #FundHerCause for a $100 donation to that cause! #ad #R29‚Ä¶",
propublica,RT @AdamScottKlein: So blown away by the man that is @hamm0481. Every Retweet is $5 to https://t.co/8eN42Lg7vt for lung cancer research!!!‚Ä¶,http://www.youcaring.com/SusieKlein
propublica,RT @kristoncapps: The Center for Immigration Studies‚Äîfounded by a prominent white supremacist‚Äîis testifying at the House on EB-5 as a nonpa‚Ä¶,
propublica,RT @kylegriffin1: AARP‚Äîthe nation's largest nonprofit w/ 38MIL members‚Äîhas officially come out against the Republican health plan. https://‚Ä¶,
propublica,"RT @cczona: Reminder that this is who @aclu has chosen to partner with, and take advice from on how to run their nonprofit org like a YC st‚Ä¶",
propublica,üò≠üò≠üò≠ YALL. @Tinder really sent me a DM with the link to choose a nonprofit. Follow them &amp; tweet your cause to them!!‚Ä¶ https://t.co/HSRq6HHp8M,https://twitter.com/i/web/status/839654761775386626
propublica,"RT @SmithsonianMag: Nonprofit, Ocearch naming tagged sharks, giving them Twitter, Instagram accounts to ease fears, aid in conservation. ht‚Ä¶",
propublica,RT @literacylubbock: Getting ready! We're doing Nonprofit Networking w/Professionals. Come see us!  It's free! #strongfamilies #healthyfami‚Ä¶,
propublica,Facilitating Reentry: A Look at a Campus Give to Support Female Veterans https://t.co/jro2xS4k4x #Nonprofit,http://buff.ly/2nfoHIL
propublica,RT @npquarterly: Secret funder in an #opioid #advocacy nonprofit @AORecovery could be very dangerous to public safety: https://t.co/lOS9R8k‚Ä¶,
propublica,The Best Entry-Level Nonprofit Online Donation Services for 2017  https://t.co/zotaXR4qQo #SocialMediaMarketing #ConnectingPointSocialPosts,https://goo.gl/vhS0Ne
propublica,Seven Tips On Improving Your Nonprofit's Funding Options via @forbes https://t.co/xLhPptS3YK,http://www.forbes.com/sites/forbesnonprofitcouncil/2017/03/08/seven-tips-on-improving-your-nonprofits-funding-options/#7bceced64900
propublica,"RT @SmithsonianMag: Nonprofit, Ocearch naming tagged sharks, giving them Twitter, Instagram accounts to ease fears, aid in conservation. ht‚Ä¶",
propublica,"""Food is very important to the community. It breaks down walls &amp; breaks down barriers."" https://t.co/ycN1PrUsVn @DallasCHS @GrowNorthTexas",http://bit.ly/2m32H3F
propublica,"Rubin Museum of Art New York, United States 
The Rubin Museum of Art is a nonprofit cultural and educational ...‚Ä¶ https://t.co/QPTE0QEKl9",https://twitter.com/i/web/status/839654194189524994
propublica,RT @kylegriffin1: AARP‚Äîthe nation's largest nonprofit w/ 38MIL members‚Äîhas officially come out against the Republican health plan. https://‚Ä¶,
propublica,"RT @SmithsonianMag: Nonprofit, Ocearch naming tagged sharks, giving them Twitter, Instagram accounts to ease fears, aid in conservation. ht‚Ä¶",
propublica,"If you're looking for work in #Parkton, MD, check out this #job: https://t.co/Wcu22gzPNa #MakeADifference‚Ä¶ https://t.co/l8qBR0rgxq",http://bit.ly/2n7Cmlj
propublica,Learn how #cloudERP has streamlined the day-to-day operations of social enterprise TheoandPhilo. https://t.co/97DRCmzMIP,http://bit.ly/2l1ZNMV
propublica,"RT @SmithsonianMag: Nonprofit, Ocearch naming tagged sharks, giving them Twitter, Instagram accounts to ease fears, aid in conservation. ht‚Ä¶",
propublica,"Nonprofit linked to Greitens raises new questions about ‚Äòdark money,‚Äô ethics https://t.co/Uac49chnIB",http://www.kansascity.com/news/politics-government/article137209643.html
propublica,RT @AdamScottKlein: So blown away by the man that is @hamm0481. Every Retweet is $5 to https://t.co/8eN42Lg7vt for lung cancer research!!!‚Ä¶,http://www.youcaring.com/SusieKlein
propublica,RT @kylegriffin1: AARP‚Äîthe nation's largest nonprofit w/ 38MIL members‚Äîhas officially come out against the Republican health plan. https://‚Ä¶,
propublica,RT @kylegriffin1: AARP‚Äîthe nation's largest nonprofit w/ 38MIL members‚Äîhas officially come out against the Republican health plan. https://‚Ä¶,
propublica,"RT @ScienceMarchCHI: She was the first astronaut on Star Trek, founded 2 tech corps and a nonprofit for STEM education experiences. #CHISci‚Ä¶",
propublica,"Happy #IWD2017

#Kids #Sports #Play #Athlete #Nonprofit #Volunteer #Support #LGTS #Coach‚Ä¶ https://t.co/wclhfP8Xjr",https://www.instagram.com/p/BRZkKU_AyP2/
propublica,"RT @EdwardNorton: Call out to all nonprofit conservation/climate/sustainability orgs: the #EarthDayChallenge is on.  $300,000 in prize http‚Ä¶",
propublica,"RT @Bode834: A5: join nonprofit orgs for committees, associations, young professional groups, a simple Google search will do ya #grandchat",
propublica,"RT @SmithsonianMag: Nonprofit, Ocearch naming tagged sharks, giving them Twitter, Instagram accounts to ease fears, aid in conservation. ht‚Ä¶",
propublica,"The CEO of Ascension, the NONPROFIT organization behind St. Vincent's of Birmingham, made $17.6 million in 2014. https://t.co/FQoGYqF502",http://bizj.us/1p31ph
propublica,"RT @J_Hancock: Nonprofit linked to @EricGreitens raises new questions about ‚Äòdark money,‚Äô ethics

https://t.co/WC4kAWdIUt #moleg",http://www.kansascity.com/news/politics-government/article137209643.html
propublica,"A5: join nonprofit orgs for committees, associations, young professional groups, a simple Google search will do ya #grandchat",
propublica,RT @kylegriffin1: AARP‚Äîthe nation's largest nonprofit w/ 38MIL members‚Äîhas officially come out against the Republican health plan. https://‚Ä¶,
propublica,"RT @Refinery29: Tweet about a women's nonprofit you care about, and tag @Tinder &amp; #FundHerCause for a $100 donation to that cause! #ad #R29‚Ä¶",
propublica,"Photos by @fromjefferson of Street Soccer Twin Cities Championship Cup in Minneapolis, put on by growing nonprofit.‚Ä¶ https://t.co/Z3RpzQ9AnU",https://twitter.com/i/web/status/839653093348413440
propublica,@_SimplyMei the main thing would be funding you would have to put it down as a nonprofit organization and only take donations.,
propublica,RT @NetSuiteAPAC: Learn how #cloudERP has streamlined the day-to-day operations of social enterprise @TheoandPhilo. https://t.co/KCjWwjp7PF,http://bit.ly/2l1ZNMV
propublica,#luer lok fitting starting a nonprofit in pa,
propublica,"RT @EdwardNorton: Call out to all nonprofit conservation/climate/sustainability orgs: the #EarthDayChallenge is on.  $300,000 in prize http‚Ä¶",
propublica,"Why youth #philanthropy matters, and how to make it work https://t.co/uNFguylMfp #nonprofit #volunteering #NGO #ServiceLearning #highered",https://www.charityinfo.ca/articles/why-youth-philanthropy-matters-and-how-to-make-it-work
propublica,#Beauty is in the eye of the beholder.  So behold... #parrots #nonprofit #sanctuary #loveher #animalrescue https://t.co/hHbrk4z3Q6,
propublica,RT @WWExecSearch: Beverly Morgan of @WWExecSearch shares the #hiring complexities for #nonprofit executives https://t.co/J4dLqGfRZi #leader‚Ä¶,http://bit.ly/2mCXb7G
propublica,RT @kylegriffin1: AARP‚Äîthe nation's largest nonprofit w/ 38MIL members‚Äîhas officially come out against the Republican health plan. https://‚Ä¶,
propublica,"RT @J_Hancock: Nonprofit linked to @EricGreitens raises new questions about ‚Äòdark money,‚Äô ethics

https://t.co/WC4kAWdIUt #moleg",http://www.kansascity.com/news/politics-government/article137209643.html
propublica,Machine Learning is Marketing‚Äôs Future: 3 Ways How  https://t.co/Bkzy0QuYOF #nonprofit #machinelearning via npdigitaltoday,http://buff.ly/2lDt9EV
propublica,Basic Immigration Law Training for NonProfit and Community Volunteers https://t.co/7e5K17J7E9,http://www.thesomervilletimes.com/archives/74325
propublica,Machine Learning is Marketing‚Äôs Future: 3 Ways How  https://t.co/idRAfrVjh3 #nonprofit #machinelearning,http://buff.ly/2lDt9EV
propublica,RT @melissango: @HOHTweets was incorporated as a nonprofit by a working board of #women üë∏üèªüë∏üèªüë∏üèªüë∏üèΩüë∏üèª#IWD2017 üôåüèΩ so proud to work along strong‚Ä¶,
propublica,Understanding articles of incorporation for new #NonProfit companies https://t.co/o3GdLV54Ed,http://ow.ly/Y6wA309EJXe
propublica,Why #NonProfit companies need strong #Marketing plans https://t.co/Vw73tyNAGV,http://ow.ly/kH2g309EJzo
propublica,Content Marketing advice for #NonProfit Organizations part 1 #ContentMarketing https://t.co/S9hdjr6GhT,http://ow.ly/Y0Z6309EJIy
propublica,Setting goals for your #NonProfit company https://t.co/wZ0wBeVvTa,http://ow.ly/griU309EJrw
propublica,RT @pndblog: The Most Compelling Argument For *Effective* Nonprofit Board-Matching https://t.co/d6Tg1Okdhh @huffingtonpost @alicekorngold,http://ow.ly/k9RZ309HMVo
propublica,"RT @SmithsonianMag: Nonprofit, Ocearch naming tagged sharks, giving them Twitter, Instagram accounts to ease fears, aid in conservation. ht‚Ä¶",
propublica,Secret funder in an #opioid #advocacy nonprofit @AORecovery could be very dangerous to public safety: https://t.co/lOS9R8kJ1X,http://hubs.ly/H06C0Kw0
propublica,First time participating in @bracketsforgood to support @IndyChamberOrch.  Support a nonprofit (preferably ICO) at https://t.co/r726dc9Lr8,https://indianapolis.bfg.org/
propublica,@alexandraerin Health care should be nonprofit.,
propublica,"RT @Refinery29: Tweet about a women's nonprofit you care about, and tag @Tinder &amp; #FundHerCause for a $100 donation to that cause! #ad #R29‚Ä¶",
propublica,Hey @Tinder support this women-full arts nonprofit @PlayhouseOnPark #FundHerCause,
propublica,"Three Greenbrier County Nonprofit Organizations Merge to Create Rental Housing Program 
https://t.co/SC8zbIG50K https://t.co/6DMtAdGhfJ",http://buff.ly/2lF00ZY
propublica,Prior to donating it's always a good idea to conduct due diligence of the #nonprofit via @CharityNav https://t.co/GbivJKycvU,https://twitter.com/CharityNav/status/839240215537549312
propublica,"RT @kiangoh: Let's be real: if all women went on strike, nonprofit &amp; ""service"" sectors would collapse, followed by everything else. #DayWit‚Ä¶",
propublica,@HOHTweets was incorporated as a nonprofit by a working board of #women üë∏üèªüë∏üèªüë∏üèªüë∏üèΩüë∏üèª#IWD2017 üôåüèΩ so proud to work alon‚Ä¶ https://t.co/WQpYuX2LjX,https://twitter.com/i/web/status/839651208683978752
propublica,".@PatTiberi @OhioDistrict12 What? ""Co-ops are failing because Congress has refused to fund a risk-abatement program"" https://t.co/ZYCKmqc77d",http://www.bizjournals.com/columbus/news/2016/05/26/ohio-shuts-down-states-obamacare-nonprofit-co-op.html
propublica,"Music nonprofit gets expanded, $12K space inside Metrocenter https://t.co/4Q5ktnqpVC #Phoenix",http://dlvr.it/NZZRWY
propublica,"Music nonprofit gets expanded, $12K space inside Metrocenter https://t.co/Z8Y7cpDMHn #Phoenix",http://dlvr.it/NZZRT8
propublica,"See our latest #Freeland, MD #job and click to apply: Case Manager RN - FT - https://t.co/TbgQ1O1FXT‚Ä¶ https://t.co/d0wrWtpupv",http://bit.ly/2ltaR8w
propublica,Super excited to get this coverage on #internationalwomensday as a woman-founded #nonprofit! #shemeansbusiness‚Ä¶ https://t.co/LqucH0id6I,https://twitter.com/i/web/status/839650935085268993
propublica,RT @kylegriffin1: AARP‚Äîthe nation's largest nonprofit w/ 38MIL members‚Äîhas officially come out against the Republican health plan. https://‚Ä¶,
propublica,"RT @kiangoh: Let's be real: if all women went on strike, nonprofit &amp; ""service"" sectors would collapse, followed by everything else. #DayWit‚Ä¶",
propublica,"RT @Knightengale: I have had type 1 diabetes for 29 years. Bc of #ACA, I was able to leave an est. co. and work for a nonprofit. #CoverageM‚Ä¶",
propublica,"RT @s_webber: Years ago Eric tried to hire me as ED of his nonprofit. After seeing how shameless he is, I'm so thankful I said no. https://‚Ä¶",
propublica,RT @stfujorian: hehe starts a nonprofit organization at 18 yrs old,
propublica,RT @kylegriffin1: AARP‚Äîthe nation's largest nonprofit w/ 38MIL members‚Äîhas officially come out against the Republican health plan. https://‚Ä¶,
propublica,"RT @SmithsonianMag: Nonprofit, Ocearch naming tagged sharks, giving them Twitter, Instagram accounts to ease fears, aid in conservation. ht‚Ä¶",
propublica,RT @kylegriffin1: AARP‚Äîthe nation's largest nonprofit w/ 38MIL members‚Äîhas officially come out against the Republican health plan. https://‚Ä¶,
propublica,"RT @Refinery29: Tweet about a women's nonprofit you care about, and tag @Tinder &amp; #FundHerCause for a $100 donation to that cause! #ad #R29‚Ä¶",
propublica,"RT @EdwardNorton: Call out to all nonprofit conservation/climate/sustainability orgs: the #EarthDayChallenge is on.  $300,000 in prize http‚Ä¶",
propublica,RT @kylegriffin1: AARP‚Äîthe nation's largest nonprofit w/ 38MIL members‚Äîhas officially come out against the Republican health plan. https://‚Ä¶,
propublica,hehe starts a nonprofit organization at 18 yrs old,
propublica,"RT @AFPJason: Job hopping means there is demand, but it can hurt charities &amp; our relationships with donors. Thanks @AmyEisenstein https://t‚Ä¶",
propublica,Should You Consider a Nonprofit Nursing Home? - https://t.co/AAbUVwCJOY,http://fb.me/6Pa7cFND4
propublica,"$1 donated is a day of 710 promo! Donate $1 to @PEPProgram!! More details here: https://t.co/ZUDuS8NYG4
#Donate #NonProfit #FF",http://www.PeopleEmpowermentProgram.org
propublica,How to ¬†fund its community programs? ¬†@Peoplescommunitymrkt starts a sister #nonprofit ¬† https://t.co/jImg0zIXd8‚Ä¶ https://t.co/frvAvWZBEy,http://www.forbes.com/sites/annefield/2017/01/18/peoples-community-market-founders-will-fund-programs-through-their-own-nonprofit/#4bad56da2720
propublica,Nudge-e-not-mics: Sometimes Leaving the Hell Alone is Better https://t.co/fTunEEkrBW #fundraising #behaviorchange‚Ä¶ https://t.co/1FVven9X8c,http://bit.ly/2lFqavR
